Mustard2001,mustard@2001,01128395736
Jon_epic1902,__jon2111E,0128374648
Ali_best,best&&2001,01866152730
DavidLim,@Lim930.211,01129039203
Beckham29,^beckHam2001,0192039293
Bob99991,Bob@99991,01965894578
SinKeng120,SinKeng@120,0192893029
LohHao0192,*011LohHao,0192039283
LimKelvin,@Lim2.9012,0112903912
Limbeh2000,@Limbeh89203,0119203923
Low000221,@Low029301,0103903940
Destroyer2001,dest@2001,01128930475
IanCheong,Ian2029!,0119201291
JonLim200,JonLim@2001,01192039201
